Country,player_cap,Coach,player_pos,player_name
Egypt,158,Hector Cuper,GK,Essam El-Hadary
Egypt,21,Hector Cuper,DF,Ali Gabr
Egypt,78,Hector Cuper,DF,Ahmed Elmohamady
Egypt,24,Hector Cuper,MF,Omar Gaber
Egypt,5,Hector Cuper,MF,Sam Morsy
Egypt,45,Hector Cuper,DF,Ahmed Hegazi
Egypt,126,Hector Cuper,DF,Ahmed Fathy
Egypt,21,Hector Cuper,MF,Tarek Hamed
Egypt,24,Hector Cuper,FW,Marwan Mohsen
Egypt,57,Hector Cuper,FW,Mohamed Salah
Egypt,19,Hector Cuper,FW,Kahraba
Egypt,4,Hector Cuper,DF,Ayman Ashraf
Egypt,51,Hector Cuper,DF,Mohamed Abdel-Shafy
Egypt,23,Hector Cuper,FW,Ramadan Sobhi
Egypt,0,Hector Cuper,DF,Mahmoud Hamdy
Egypt,22,Hector Cuper,GK,Sherif Ekramy
Egypt,61,Hector Cuper,MF,Mohamed Elneny
Egypt,29,Hector Cuper,FW,Shikabala
Egypt,36,Hector Cuper,MF,Abdallah Said
Egypt,11,Hector Cuper,DF,Saad Samir
Egypt,24,Hector Cuper,MF,Trezeguet
Egypt,16,Hector Cuper,FW,Amr Warda
Egypt,3,Hector Cuper,GK,Mohamed El-Shenawy
Russia,106,Stanislav Cherchesov,GK,Igor Akinfeev
Russia,5,Stanislav Cherchesov,DF,Mario Fernandes
Russia,7,Stanislav Cherchesov,DF,Ilya Kutepov
Russia,122,Stanislav Cherchesov,DF,Sergei Ignashevich
Russia,6,Stanislav Cherchesov,DF,Andrei Semyonov
Russia,11,Stanislav Cherchesov,MF,Denis Cheryshev
Russia,6,Stanislav Cherchesov,MF,Daler Kuzyayev
Russia,6,Stanislav Cherchesov,MF,Yury Gazinsky
Russia,57,Stanislav Cherchesov,MF,Alan Dzagoev
Russia,32,Stanislav Cherchesov,FW,Fyodor Smolov
Russia,12,Stanislav Cherchesov,MF,Roman Zobnin
Russia,3,Stanislav Cherchesov,GK,Andrey Lunyov
Russia,19,Stanislav Cherchesov,DF,Fyodor Kudryashov
Russia,12,Stanislav Cherchesov,DF,Vladimir Granat
Russia,18,Stanislav Cherchesov,MF,Aleksei Miranchuk
Russia,6,Stanislav Cherchesov,MF,Anton Miranchuk
Russia,19,Stanislav Cherchesov,MF,Aleksandr Golovin
Russia,84,Stanislav Cherchesov,MF,Yuri Zhirkov
Russia,48,Stanislav Cherchesov,MF,Aleksandr Samedov
Russia,10,Stanislav Cherchesov,GK,Vladimir Gabulov
Russia,17,Stanislav Cherchesov,MF,Aleksandr Yerokhin
Russia,23,Stanislav Cherchesov,FW,Artem Dzyuba
Russia,27,Stanislav Cherchesov,DF,Igor Smolnikov
Saudi Arabia,11,Juan Antonio Pizzi,GK,Abdullah Al-Mayouf
Saudi Arabia,40,Juan Antonio Pizzi,DF,Mansoor Al-Harbi
Saudi Arabia,135,Juan Antonio Pizzi,DF,Osama Hawsawi
Saudi Arabia,4,Juan Antonio Pizzi,DF,Ali Al-Bulaihi
Saudi Arabia,42,Juan Antonio Pizzi,DF,Omar Hawsawi
Saudi Arabia,11,Juan Antonio Pizzi,DF,Mohammed Al-Breik
Saudi Arabia,43,Juan Antonio Pizzi,MF,Salman Al-Faraj
Saudi Arabia,57,Juan Antonio Pizzi,MF,Yahya Al-Shehri
Saudi Arabia,5,Juan Antonio Pizzi,MF,Hattan Bahebri
Saudi Arabia,40,Juan Antonio Pizzi,FW,Mohammad Al-Sahlawi
Saudi Arabia,36,Juan Antonio Pizzi,MF,Abdulmalek Al-Khaibri
Saudi Arabia,6,Juan Antonio Pizzi,MF,Mohamed Kanno
Saudi Arabia,37,Juan Antonio Pizzi,DF,Yasser Al-Shahrani
Saudi Arabia,16,Juan Antonio Pizzi,MF,Abdullah Otayf
Saudi Arabia,5,Juan Antonio Pizzi,MF,Abdullah Al-Khaibari
Saudi Arabia,18,Juan Antonio Pizzi,MF,Housain Al-Mogahwi
Saudi Arabia,132,Juan Antonio Pizzi,MF,Taisir Al-Jassim
Saudi Arabia,33,Juan Antonio Pizzi,MF,Salem Al-Dawsari
Saudi Arabia,45,Juan Antonio Pizzi,FW,Fahad Al-Muwallad
Saudi Arabia,18,Juan Antonio Pizzi,FW,Muhannad Assiri
Saudi Arabia,32,Juan Antonio Pizzi,GK,Yasser Al-Mosailem
Saudi Arabia,6,Juan Antonio Pizzi,GK,Mohammed Al-Owais
Saudi Arabia,17,Juan Antonio Pizzi,DF,Motaz Hawsawi
Uruguay,97,Oscar Tabarez,GK,Fernando Muslera
Uruguay,42,Oscar Tabarez,DF,Jose Gimenez
Uruguay,116,Oscar Tabarez,DF,Diego Godin
Uruguay,3,Oscar Tabarez,DF,Guillermo Varela
Uruguay,36,Oscar Tabarez,MF,Carlos Sanchez
Uruguay,7,Oscar Tabarez,MF,Rodrigo Bentancur
Uruguay,105,Oscar Tabarez,MF,Cristian Rodriguez
Uruguay,12,Oscar Tabarez,MF,Nahitan Nandez
Uruguay,98,Oscar Tabarez,FW,Luis Suarez
Uruguay,14,Oscar Tabarez,FW,Giorgian De Arrascaeta
Uruguay,41,Oscar Tabarez,FW,Cristhian Stuani
Uruguay,1,Oscar Tabarez,GK,Martin Campana
Uruguay,17,Oscar Tabarez,DF,Gaston Silva
Uruguay,3,Oscar Tabarez,MF,Lucas Torreira
Uruguay,22,Oscar Tabarez,MF,Matias Vecino
Uruguay,125,Oscar Tabarez,DF,Maxi Pereira
Uruguay,6,Oscar Tabarez,MF,Diego Laxalt
Uruguay,5,Oscar Tabarez,FW,Maxi Gomez
Uruguay,30,Oscar Tabarez,DF,Sebastian Coates
Uruguay,4,Oscar Tabarez,FW,Jonathan Urretaviscaya
Uruguay,101,Oscar Tabarez,FW,Edinson Cavani
Uruguay,76,Oscar Tabarez,DF,Martin Caceres
Uruguay,11,Oscar Tabarez,GK,Martin Silva
Iran,22,Carlos Queiroz,GK,Alireza Beiranvand
Iran,17,Carlos Queiroz,MF,Mehdi Torabi
Iran,94,Carlos Queiroz,DF,Ehsan Hajsafi
Iran,10,Carlos Queiroz,DF,Rouzbeh Cheshmi
Iran,19,Carlos Queiroz,DF,Milad Mohammadi
Iran,25,Carlos Queiroz,MF,Saeid Ezatolahi
Iran,74,Carlos Queiroz,MF,Masoud Shojaei
Iran,27,Carlos Queiroz,DF,Morteza Pouraliganji
Iran,30,Carlos Queiroz,MF,Omid Ebrahimi
Iran,64,Carlos Queiroz,FW,Karim Ansarifard
Iran,36,Carlos Queiroz,MF,Vahid Amiri
Iran,3,Carlos Queiroz,GK,Mohammad Rashid Mazaheri
Iran,11,Carlos Queiroz,DF,Mohammad Reza Khanzadeh
Iran,8,Carlos Queiroz,FW,Saman Ghoddos
Iran,46,Carlos Queiroz,DF,Pejman Montazeri
Iran,43,Carlos Queiroz,FW,Reza Ghoochannejhad
Iran,26,Carlos Queiroz,FW,Mehdi Taremi
Iran,38,Carlos Queiroz,FW,Alireza Jahanbakhsh
Iran,1,Carlos Queiroz,DF,Majid Hosseini
Iran,33,Carlos Queiroz,FW,Sardar Azmoun
Iran,46,Carlos Queiroz,FW,Ashkan Dejagah
Iran,1,Carlos Queiroz,GK,Amir Abedzadeh
Iran,28,Carlos Queiroz,DF,Ramin Rezaeian
Morocco,11,Herve Renard,GK,Yassine Bounou
Morocco,10,Herve Renard,DF,Achraf Hakimi
Morocco,13,Herve Renard,DF,Hamza Mendyl
Morocco,28,Herve Renard,DF,Manuel da Costa
Morocco,57,Herve Renard,DF,Medhi Benatia
Morocco,24,Herve Renard,DF,Romain Saiss
Morocco,18,Herve Renard,MF,Hakim Ziyech
Morocco,51,Herve Renard,MF,Karim El Ahmadi
Morocco,10,Herve Renard,FW,Ayoub El Kaabi
Morocco,47,Herve Renard,MF,Younes Belhanda
Morocco,23,Herve Renard,MF,Faycal Fajr
Morocco,27,Herve Renard,GK,Munir Mohamedi
Morocco,18,Herve Renard,FW,Khalid Boutaib
Morocco,59,Herve Renard,MF,Mbark Boussoufa
Morocco,14,Herve Renard,MF,Youssef Ait Bennasser
Morocco,44,Herve Renard,MF,Nordin Amrabat
Morocco,34,Herve Renard,DF,Nabil Dirar
Morocco,6,Herve Renard,MF,Amine Harit
Morocco,16,Herve Renard,FW,Youssef En-Nesyri
Morocco,15,Herve Renard,FW,Aziz Bouhaddouz
Morocco,6,Herve Renard,MF,Sofyan Amrabat
Morocco,2,Herve Renard,GK,Ahmed Reda Tagnaouti
Morocco,20,Herve Renard,MF,Mehdi Carcela
Portugal,69,Fernando Santos,GK,Rui Patricio
Portugal,96,Fernando Santos,DF,Bruno Alves
Portugal,95,Fernando Santos,DF,Pepe
Portugal,14,Fernando Santos,MF,Manuel Fernandes
Portugal,24,Fernando Santos,DF,Raphael Guerreiro
Portugal,31,Fernando Santos,DF,Jose Fonte
Portugal,150,Fernando Santos,FW,Cristiano Ronaldo
Portugal,110,Fernando Santos,MF,Joao Moutinho
Portugal,23,Fernando Santos,FW,Andre Silva
Portugal,36,Fernando Santos,MF,Joao Mario
Portugal,25,Fernando Santos,MF,Bernardo Silva
Portugal,7,Fernando Santos,GK,Anthony Lopes
Portugal,1,Fernando Santos,DF,Ruben Dias
Portugal,43,Fernando Santos,MF,William Carvalho
Portugal,4,Fernando Santos,DF,Ricardo Pereira
Portugal,6,Fernando Santos,MF,Bruno Fernandes
Portugal,10,Fernando Santos,FW,Goncalo Guedes
Portugal,18,Fernando Santos,FW,Gelson Martins
Portugal,4,Fernando Santos,DF,Mario Rui
Portugal,77,Fernando Santos,FW,Ricardo Quaresma
Portugal,29,Fernando Santos,DF,Cedric
Portugal,14,Fernando Santos,GK,Beto
Portugal,23,Fernando Santos,MF,Adrien Silva
Spain,29,Fernando Hierro,GK,David de Gea
Spain,15,Fernando Hierro,DF,Dani Carvajal
Spain,98,Fernando Hierro,DF,Gerard Pique
Spain,17,Fernando Hierro,DF,Nacho
Spain,103,Fernando Hierro,MF,Sergio Busquets
Spain,127,Fernando Hierro,MF,Andres Iniesta
Spain,10,Fernando Hierro,MF,Saul
Spain,40,Fernando Hierro,MF,Koke
Spain,6,Fernando Hierro,FW,Rodrigo
Spain,29,Fernando Hierro,MF,Thiago
Spain,7,Fernando Hierro,FW,Lucas Vazquez
Spain,4,Fernando Hierro,DF,Alvaro Odriozola
Spain,1,Fernando Hierro,GK,Kepa Arrizabalaga
Spain,22,Fernando Hierro,DF,Cesar Azpilicueta
Spain,152,Fernando Hierro,DF,Sergio Ramos
Spain,22,Fernando Hierro,DF,Nacho Monreal
Spain,10,Fernando Hierro,FW,Iago Aspas
Spain,62,Fernando Hierro,DF,Jordi Alba
Spain,20,Fernando Hierro,FW,Diego Costa
Spain,12,Fernando Hierro,MF,Marco Asensio
Spain,121,Fernando Hierro,FW,David Silva
Spain,28,Fernando Hierro,MF,Isco
Spain,36,Fernando Hierro,GK,Pepe Reina
Australia,44,Bert van Marwijk,GK,Mathew Ryan
Australia,18,Bert van Marwijk,DF,Milos Degenek
Australia,2,Bert van Marwijk,DF,James Meredith
Australia,106,Bert van Marwijk,FW,Tim Cahill
Australia,71,Bert van Marwijk,DF,Mark Milligan
Australia,4,Bert van Marwijk,DF,Matthew Jurman
Australia,53,Bert van Marwijk,FW,Mathew Leckie
Australia,36,Bert van Marwijk,MF,Massimo Luongo
Australia,35,Bert van Marwijk,FW,Tomi Juric
Australia,64,Bert van Marwijk,FW,Robbie Kruse
Australia,4,Bert van Marwijk,FW,Andrew Nabbout
Australia,6,Bert van Marwijk,GK,Brad Jones
Australia,34,Bert van Marwijk,MF,Aaron Mooy
Australia,6,Bert van Marwijk,FW,Jamie Maclaren
Australia,76,Bert van Marwijk,MF,Mile Jedinak
Australia,23,Bert van Marwijk,DF,Aziz Behich
Australia,2,Bert van Marwijk,FW,Daniel Arzani
Australia,1,Bert van Marwijk,GK,Danny Vukovic
Australia,8,Bert van Marwijk,DF,Josh Risdon
Australia,35,Bert van Marwijk,DF,Trent Sainsbury
Australia,2,Bert van Marwijk,FW,Dimitri Petratos
Australia,19,Bert van Marwijk,MF,Jackson Irvine
Australia,37,Bert van Marwijk,MF,Tom Rogic
Denmark,35,Age Hareide,GK,Kasper Schmeichel
Denmark,59,Age Hareide,MF,Michael Krohn-Dehli
Denmark,16,Age Hareide,DF,Jannik Vestergaard
Denmark,78,Age Hareide,DF,Simon Kjaer
Denmark,3,Age Hareide,DF,Jonas Knudsen
Denmark,16,Age Hareide,DF,Andreas Christensen
Denmark,80,Age Hareide,MF,William Kvist
Denmark,27,Age Hareide,MF,Thomas Delaney
Denmark,31,Age Hareide,FW,Nicolai Jorgensen
Denmark,78,Age Hareide,MF,Christian Eriksen
Denmark,20,Age Hareide,FW,Martin Braithwaite
Denmark,6,Age Hareide,FW,Kasper Dolberg
Denmark,12,Age Hareide,DF,Mathias Jorgensen
Denmark,11,Age Hareide,DF,Henrik Dalsgaard
Denmark,19,Age Hareide,FW,Viktor Fischer
Denmark,1,Age Hareide,GK,Jonas Lossl
Denmark,13,Age Hareide,DF,Jens Stryger Larsen
Denmark,4,Age Hareide,MF,Lukas Lerager
Denmark,36,Age Hareide,MF,Lasse Schone
Denmark,28,Age Hareide,FW,Yussuf Poulsen
Denmark,18,Age Hareide,FW,Andreas Cornelius
Denmark,6,Age Hareide,GK,Frederik Ronnow
Denmark,14,Age Hareide,FW,Pione Sisto
France,98,Didier Deschamps,GK,Hugo Lloris
France,6,Didier Deschamps,DF,Benjamin Pavard
France,2,Didier Deschamps,DF,Presnel Kimpembe
France,42,Didier Deschamps,DF,Raphael Varane
France,19,Didier Deschamps,DF,Samuel Umtiti
France,54,Didier Deschamps,MF,Paul Pogba
France,54,Didier Deschamps,FW,Antoine Griezmann
France,12,Didier Deschamps,FW,Thomas Lemar
France,74,Didier Deschamps,FW,Olivier Giroud
France,15,Didier Deschamps,FW,Kylian Mbappe
France,12,Didier Deschamps,FW,Ousmane Dembele
France,9,Didier Deschamps,MF,Corentin Tolisso
France,24,Didier Deschamps,MF,N'Golo Kante
France,67,Didier Deschamps,MF,Blaise Matuidi
France,4,Didier Deschamps,MF,Steven Nzonzi
France,27,Didier Deschamps,GK,Steve Mandanda
France,35,Didier Deschamps,DF,Adil Rami
France,12,Didier Deschamps,FW,Nabil Fekir
France,17,Didier Deschamps,DF,Djibril Sidibe
France,4,Didier Deschamps,FW,Florian Thauvin
France,5,Didier Deschamps,DF,Lucas Hernandez
France,7,Didier Deschamps,DF,Benjamin Mendy
France,0,Didier Deschamps,GK,Alphonse Areola
Peru,38,Ricardo Gareca,GK,Pedro Gallese
Peru,59,Ricardo Gareca,DF,Alberto Rodriguez
Peru,25,Ricardo Gareca,DF,Aldo Corzo
Peru,4,Ricardo Gareca,DF,Anderson Santamaria
Peru,7,Ricardo Gareca,DF,Miguel Araujo
Peru,27,Ricardo Gareca,DF,Miguel Trauco
Peru,31,Ricardo Gareca,MF,Paolo Hurtado
Peru,44,Ricardo Gareca,MF,Christian Cueva
Peru,88,Ricardo Gareca,FW,Paolo Guerrero
Peru,84,Ricardo Gareca,FW,Jefferson Farfan
Peru,30,Ricardo Gareca,FW,Raul Ruidiaz
Peru,4,Ricardo Gareca,GK,Carlos Caceda
Peru,23,Ricardo Gareca,MF,Renato Tapia
Peru,17,Ricardo Gareca,MF,Andy Polo
Peru,66,Ricardo Gareca,DF,Christian Ramos
Peru,3,Ricardo Gareca,MF,Wilder Cartagena
Peru,65,Ricardo Gareca,DF,Luis Advincula
Peru,45,Ricardo Gareca,FW,Andre Carrillo
Peru,73,Ricardo Gareca,MF,Yoshimar Yotun
Peru,29,Ricardo Gareca,FW,Edison Flores
Peru,6,Ricardo Gareca,GK,Jose Carvallo
Peru,3,Ricardo Gareca,DF,Nilson Loyola
Peru,13,Ricardo Gareca,MF,Pedro Aquino
Argentina,6,Jorge Sampaoli,GK,Nahuel Guzman
Argentina,20,Jorge Sampaoli,DF,Gabriel Mercado
Argentina,4,Jorge Sampaoli,DF,Nicolas Tagliafico
Argentina,5,Jorge Sampaoli,DF,Cristian Ansaldi
Argentina,57,Jorge Sampaoli,MF,Lucas Biglia
Argentina,9,Jorge Sampaoli,DF,Federico Fazio
Argentina,62,Jorge Sampaoli,MF,Ever Banega
Argentina,10,Jorge Sampaoli,DF,Marcos Acuna
Argentina,71,Jorge Sampaoli,FW,Gonzalo Higuain
Argentina,124,Jorge Sampaoli,FW,Lionel Messi
Argentina,94,Jorge Sampaoli,MF,Angel Di Maria
Argentina,0,Jorge Sampaoli,GK,Franco Armani
Argentina,2,Jorge Sampaoli,MF,Maximiliano Meza
Argentina,143,Jorge Sampaoli,DF,Javier Mascherano
Argentina,23,Jorge Sampaoli,MF,Enzo Perez
Argentina,56,Jorge Sampaoli,DF,Marcos Rojo
Argentina,54,Jorge Sampaoli,DF,Nicolas Otamendi
Argentina,9,Jorge Sampaoli,DF,Eduardo Salvio
Argentina,85,Jorge Sampaoli,FW,Sergio Aguero
Argentina,5,Jorge Sampaoli,MF,Giovani Lo Celso
Argentina,12,Jorge Sampaoli,FW,Paulo Dybala
Argentina,5,Jorge Sampaoli,MF,Cristian Pavon
Argentina,3,Jorge Sampaoli,GK,Willy Caballero
Croatia,1,Zlatko Dalic,GK,Dominik Livakovic
Croatia,35,Zlatko Dalic,DF,Sime Vrsaljko
Croatia,43,Zlatko Dalic,DF,Ivan Strinic
Croatia,66,Zlatko Dalic,FW,Ivan Perisic
Croatia,99,Zlatko Dalic,DF,Vedran Corluka
Croatia,39,Zlatko Dalic,DF,Dejan Lovren
Croatia,92,Zlatko Dalic,MF,Ivan Rakitic
Croatia,41,Zlatko Dalic,MF,Mateo Kovacic
Croatia,31,Zlatko Dalic,FW,Andrej Kramaric
Croatia,106,Zlatko Dalic,MF,Luka Modric
Croatia,35,Zlatko Dalic,MF,Marcelo Brozovic
Croatia,11,Zlatko Dalic,GK,Lovre Kalinic
Croatia,12,Zlatko Dalic,DF,Tin Jedvaj
Croatia,4,Zlatko Dalic,MF,Filip Bradaric
Croatia,1,Zlatko Dalic,DF,Duje Caleta-Car
Croatia,42,Zlatko Dalic,FW,Nikola Kalinic
Croatia,83,Zlatko Dalic,FW,Mario Mandzukic
Croatia,16,Zlatko Dalic,FW,Ante Rebic
Croatia,38,Zlatko Dalic,MF,Milan Badelj
Croatia,16,Zlatko Dalic,FW,Marko Pjaca
Croatia,59,Zlatko Dalic,DF,Domagoj Vida
Croatia,19,Zlatko Dalic,DF,Josip Pivaric
Croatia,38,Zlatko Dalic,GK,Danijel Subasic
Iceland,49,Heimir Hallgrimsson,GK,Hannes Thor Halldorsson
Iceland,79,Heimir Hallgrimsson,DF,Birkir Mar Saevarsson
Iceland,4,Heimir Hallgrimsson,MF,Samuel Fridjonsson
Iceland,5,Heimir Hallgrimsson,MF,Albert Gudmundsson
Iceland,20,Heimir Hallgrimsson,DF,Sverrir Ingi Ingason
Iceland,77,Heimir Hallgrimsson,DF,Ragnar Sigurdsson
Iceland,67,Heimir Hallgrimsson,MF,Johann Berg Gudmundsson
Iceland,67,Heimir Hallgrimsson,MF,Birkir Bjarnason
Iceland,12,Heimir Hallgrimsson,FW,Bjorn Bergmann Sigurdarson
Iceland,57,Heimir Hallgrimsson,MF,Gylfi Sigurdsson
Iceland,47,Heimir Hallgrimsson,FW,Alfred Finnbogason
Iceland,4,Heimir Hallgrimsson,GK,Frederik Schram
Iceland,3,Heimir Hallgrimsson,GK,Runar Alex Runarsson
Iceland,67,Heimir Hallgrimsson,DF,Kari Arnason
Iceland,10,Heimir Hallgrimsson,DF,Holmar Orn Eyjolfsson
Iceland,36,Heimir Hallgrimsson,MF,Olafur Ingi Skulason
Iceland,77,Heimir Hallgrimsson,MF,Aron Gunnarsson
Iceland,16,Heimir Hallgrimsson,DF,Hordur Bjorgvin Magnusson
Iceland,47,Heimir Hallgrimsson,MF,Rurik Gislason
Iceland,64,Heimir Hallgrimsson,MF,Emil Hallfredsson
Iceland,19,Heimir Hallgrimsson,MF,Arnor Ingvi Traustason
Iceland,38,Heimir Hallgrimsson,FW,Jon Dadi Bodvarsson
Iceland,56,Heimir Hallgrimsson,DF,Ari Freyr Skulason
Nigeria,24,Gernot Rohr,GK,Ikechukwu Ezenwa
Nigeria,5,Gernot Rohr,DF,Brian Idowu
Nigeria,62,Gernot Rohr,DF,Elderson Echiejile
Nigeria,17,Gernot Rohr,MF,Wilfred Ndidi
Nigeria,22,Gernot Rohr,DF,William Troost-Ekong
Nigeria,19,Gernot Rohr,DF,Leon Balogun
Nigeria,72,Gernot Rohr,FW,Ahmed Musa
Nigeria,14,Gernot Rohr,MF,Oghenekaro Etebo
Nigeria,19,Gernot Rohr,FW,Odion Ighalo
Nigeria,85,Gernot Rohr,MF,John Obi Mikel
Nigeria,34,Gernot Rohr,FW,Victor Moses
Nigeria,25,Gernot Rohr,DF,Shehu Abdullahi
Nigeria,2,Gernot Rohr,FW,Simeon Nwankwo
Nigeria,18,Gernot Rohr,FW,Kelechi Iheanacho
Nigeria,17,Gernot Rohr,MF,Joel Obi
Nigeria,7,Gernot Rohr,GK,Daniel Akpeyi
Nigeria,52,Gernot Rohr,MF,Ogenyi Onazi
Nigeria,19,Gernot Rohr,FW,Alex Iwobi
Nigeria,20,Gernot Rohr,MF,John Ogu
Nigeria,4,Gernot Rohr,DF,Chidozie Awaziem
Nigeria,7,Gernot Rohr,DF,Tyronne Ebuehi
Nigeria,39,Gernot Rohr,DF,Kenneth Omeruo
Nigeria,6,Gernot Rohr,GK,Francis Uzoho
Brazil,26,Tite,GK,Alisson
Brazil,71,Tite,DF,Thiago Silva
Brazil,47,Tite,DF,Miranda
Brazil,2,Tite,DF,Pedro Geromel
Brazil,24,Tite,MF,Casemiro
Brazil,33,Tite,DF,Filipe Luis
Brazil,25,Tite,FW,Douglas Costa
Brazil,28,Tite,MF,Renato Augusto
Brazil,17,Tite,FW,Gabriel Jesus
Brazil,85,Tite,FW,Neymar
Brazil,37,Tite,MF,Philippe Coutinho
Brazil,54,Tite,DF,Marcelo
Brazil,26,Tite,DF,Marquinhos
Brazil,18,Tite,DF,Danilo
Brazil,50,Tite,MF,Paulinho
Brazil,1,Tite,GK,Cassio
Brazil,44,Tite,MF,Fernandinho
Brazil,8,Tite,MF,Fred
Brazil,57,Tite,MF,Willian
Brazil,21,Tite,FW,Roberto Firmino
Brazil,8,Tite,FW,Taison
Brazil,4,Tite,DF,Fagner
Brazil,1,Tite,GK,Ederson
Costa Rica,81,Oscar Ramirez,GK,Keylor Navas
Costa Rica,69,Oscar Ramirez,DF,Johnny Acosta
Costa Rica,70,Oscar Ramirez,DF,Giancarlo Gonzalez
Costa Rica,4,Oscar Ramirez,DF,Ian Smith
Costa Rica,113,Oscar Ramirez,MF,Celso Borges
Costa Rica,39,Oscar Ramirez,DF,Oscar Duarte
Costa Rica,81,Oscar Ramirez,MF,Christian Bolanos
Costa Rica,44,Oscar Ramirez,DF,Bryan Oviedo
Costa Rica,11,Oscar Ramirez,MF,Daniel Colindres
Costa Rica,110,Oscar Ramirez,MF,Bryan Ruiz
Costa Rica,47,Oscar Ramirez,FW,Johan Venegas
Costa Rica,77,Oscar Ramirez,FW,Joel Campbell
Costa Rica,30,Oscar Ramirez,MF,Rodney Wallace
Costa Rica,58,Oscar Ramirez,MF,Randall Azofeifa
Costa Rica,38,Oscar Ramirez,DF,Francisco Calvo
Costa Rica,68,Oscar Ramirez,DF,Cristian Gamboa
Costa Rica,51,Oscar Ramirez,MF,Yeltsin Tejeda
Costa Rica,39,Oscar Ramirez,GK,Patrick Pemberton
Costa Rica,26,Oscar Ramirez,DF,Kendall Waston
Costa Rica,43,Oscar Ramirez,MF,David Guzman
Costa Rica,64,Oscar Ramirez,FW,Marco Urena
Costa Rica,23,Oscar Ramirez,DF,Ronald Matarrita
Costa Rica,9,Oscar Ramirez,GK,Leonel Moreira
Serbia,81,Mladen Krstajic,GK,Vladimir Stojkovic
Serbia,47,Mladen Krstajic,DF,Antonio Rukavina
Serbia,24,Mladen Krstajic,DF,Dusko Tosic
Serbia,28,Mladen Krstajic,MF,Luka Milivojevic
Serbia,5,Mladen Krstajic,DF,Uros Spajic
Serbia,103,Mladen Krstajic,DF,Branislav Ivanovic
Serbia,10,Mladen Krstajic,MF,Andrija Zivkovic
Serbia,9,Mladen Krstajic,FW,Aleksandar Prijovic
Serbia,37,Mladen Krstajic,FW,Aleksandar Mitrovic
Serbia,53,Mladen Krstajic,MF,Dusan Tadic
Serbia,76,Mladen Krstajic,DF,Aleksandar Kolarov
Serbia,8,Mladen Krstajic,GK,Predrag Rajkovic
Serbia,2,Mladen Krstajic,DF,Milos Veljkovic
Serbia,1,Mladen Krstajic,DF,Milan Rodic
Serbia,3,Mladen Krstajic,DF,Nikola Milenkovic
Serbia,8,Mladen Krstajic,MF,Marko Grujic
Serbia,23,Mladen Krstajic,MF,Filip Kostic
Serbia,3,Mladen Krstajic,FW,Nemanja Radonjic
Serbia,1,Mladen Krstajic,FW,Luka Jovic
Serbia,4,Mladen Krstajic,MF,Sergej Milinkovic-Savic
Serbia,40,Mladen Krstajic,MF,Nemanja Matic
Serbia,29,Mladen Krstajic,MF,Adem Ljajic
Serbia,2,Mladen Krstajic,GK,Marko Dmitrovic
Switzerland,35,Vladimir Petkovic,GK,Yann Sommer
Switzerland,100,Vladimir Petkovic,DF,Stephan Lichtsteiner
Switzerland,18,Vladimir Petkovic,DF,Francois Moubandje
Switzerland,6,Vladimir Petkovic,DF,Nico Elvedi
Switzerland,7,Vladimir Petkovic,DF,Manuel Akanji
Switzerland,24,Vladimir Petkovic,DF,Michael Lang
Switzerland,25,Vladimir Petkovic,FW,Breel Embolo
Switzerland,10,Vladimir Petkovic,MF,Remo Freuler
Switzerland,51,Vladimir Petkovic,FW,Haris Seferovic
Switzerland,62,Vladimir Petkovic,MF,Granit Xhaka
Switzerland,79,Vladimir Petkovic,MF,Valon Behrami
Switzerland,0,Vladimir Petkovic,GK,Yvon Mvogo
Switzerland,53,Vladimir Petkovic,DF,Ricardo Rodriguez
Switzerland,12,Vladimir Petkovic,MF,Steven Zuber
Switzerland,65,Vladimir Petkovic,MF,Blerim Dzemaili
Switzerland,67,Vladimir Petkovic,MF,Gelson Fernandes
Switzerland,10,Vladimir Petkovic,MF,Denis Zakaria
Switzerland,14,Vladimir Petkovic,FW,Mario Gavranovic
Switzerland,29,Vladimir Petkovic,FW,Josip Drmic
Switzerland,74,Vladimir Petkovic,DF,Johan Djourou
Switzerland,9,Vladimir Petkovic,GK,Roman Burki
Switzerland,39,Vladimir Petkovic,DF,Fabian Schar
Switzerland,70,Vladimir Petkovic,MF,Xherdan Shaqiri
Germany,76,Joachim Low,GK,Manuel Neuer
Germany,6,Joachim Low,DF,Marvin Plattenhardt
Germany,38,Joachim Low,DF,Jonas Hector
Germany,18,Joachim Low,DF,Matthias Ginter
Germany,64,Joachim Low,DF,Mats Hummels
Germany,75,Joachim Low,MF,Sami Khedira
Germany,44,Joachim Low,MF,Julian Draxler
Germany,83,Joachim Low,MF,Toni Kroos
Germany,14,Joachim Low,FW,Timo Werner
Germany,90,Joachim Low,MF,Mesut Ozil
Germany,31,Joachim Low,FW,Marco Reus
Germany,3,Joachim Low,GK,Kevin Trapp
Germany,91,Joachim Low,MF,Thomas Muller
Germany,15,Joachim Low,MF,Leon Goretzka
Germany,11,Joachim Low,DF,Niklas Sule
Germany,24,Joachim Low,DF,Antonio Rudiger
Germany,71,Joachim Low,DF,Jerome Boateng
Germany,29,Joachim Low,DF,Joshua Kimmich
Germany,25,Joachim Low,MF,Sebastian Rudy
Germany,16,Joachim Low,MF,Julian Brandt
Germany,26,Joachim Low,MF,Ilkay Gundogan
Germany,20,Joachim Low,GK,Marc-Andre ter Stegen
Germany,75,Joachim Low,FW,Mario Gomez
Mexico,52,Juan Carlos Osorio,GK,Jose de Jesus Corona
Mexico,43,Juan Carlos Osorio,DF,Hugo Ayala
Mexico,21,Juan Carlos Osorio,DF,Carlos Salcedo
Mexico,145,Juan Carlos Osorio,DF,Rafael Marquez
Mexico,9,Juan Carlos Osorio,MF,Erick Gutierrez
Mexico,32,Juan Carlos Osorio,MF,Jonathan dos Santos
Mexico,64,Juan Carlos Osorio,MF,Miguel Layun
Mexico,39,Juan Carlos Osorio,FW,Marco Fabian
Mexico,63,Juan Carlos Osorio,FW,Raul Jimenez
Mexico,105,Juan Carlos Osorio,MF,Giovani dos Santos
Mexico,68,Juan Carlos Osorio,FW,Carlos Vela
Mexico,27,Juan Carlos Osorio,GK,Alfredo Talavera
Mexico,94,Juan Carlos Osorio,GK,Guillermo Ochoa
Mexico,102,Juan Carlos Osorio,FW,Javier Hernandez
Mexico,92,Juan Carlos Osorio,DF,Hector Moreno
Mexico,66,Juan Carlos Osorio,DF,Hector Herrera
Mexico,36,Juan Carlos Osorio,MF,Jesus Manuel Corona
Mexico,145,Juan Carlos Osorio,MF,Andres Guardado
Mexico,67,Juan Carlos Osorio,FW,Oribe Peralta
Mexico,53,Juan Carlos Osorio,MF,Javier Aquino
Mexico,13,Juan Carlos Osorio,DF,Edson Alvarez
Mexico,28,Juan Carlos Osorio,FW,Hirving Lozano
Mexico,23,Juan Carlos Osorio,MF,Jesus Gallardo
South Korea,33,Shin Tae-yong,GK,Kim Seung-gyu
South Korea,28,Shin Tae-yong,DF,Lee Yong
South Korea,6,Shin Tae-yong,DF,Jung Seung-hyun
South Korea,2,Shin Tae-yong,DF,Oh Ban-suk
South Korea,6,Shin Tae-yong,DF,Yun Young-sun
South Korea,36,Shin Tae-yong,DF,Park Joo-ho
South Korea,67,Shin Tae-yong,FW,Son Heung-min
South Korea,11,Shin Tae-yong,MF,Ju Se-jong
South Korea,50,Shin Tae-yong,FW,Kim Shin-wook
South Korea,4,Shin Tae-yong,MF,Lee Seung-woo
South Korea,14,Shin Tae-yong,FW,Hwang Hee-chan
South Korea,20,Shin Tae-yong,DF,Kim Min-woo
South Korea,68,Shin Tae-yong,MF,Koo Ja-cheol
South Korea,14,Shin Tae-yong,DF,Hong Chul
South Korea,30,Shin Tae-yong,MF,Jung Woo-young
South Korea,102,Shin Tae-yong,MF,Ki Sung-yueng
South Korea,35,Shin Tae-yong,MF,Lee Jae-sung
South Korea,3,Shin Tae-yong,MF,Moon Seon-min
South Korea,53,Shin Tae-yong,DF,Kim Young-gwon
South Korea,51,Shin Tae-yong,DF,Jang Hyun-soo
South Korea,15,Shin Tae-yong,GK,Kim Jin-hyeon
South Korea,20,Shin Tae-yong,DF,Go Yo-han
South Korea,6,Shin Tae-yong,GK,Cho Hyun-woo
Sweden,18,Janne Andersson,GK,Robin Olsen
Sweden,66,Janne Andersson,DF,Mikael Lustig
Sweden,21,Janne Andersson,DF,Victor Lindelof
Sweden,72,Janne Andersson,DF,Andreas Granqvist
Sweden,43,Janne Andersson,DF,Martin Olsson
Sweden,15,Janne Andersson,DF,Ludwig Augustinsson
Sweden,100,Janne Andersson,MF,Sebastian Larsson
Sweden,34,Janne Andersson,MF,Albin Ekdal
Sweden,57,Janne Andersson,FW,Marcus Berg
Sweden,36,Janne Andersson,MF,Emil Forsberg
Sweden,20,Janne Andersson,FW,John Guidetti
Sweden,5,Janne Andersson,GK,Karl-Johan Johnsson
Sweden,13,Janne Andersson,MF,Gustav Svensson
Sweden,4,Janne Andersson,DF,Filip Helander
Sweden,22,Janne Andersson,MF,Oscar Hiljemark
Sweden,13,Janne Andersson,DF,Emil Krafth
Sweden,22,Janne Andersson,MF,Viktor Claesson
Sweden,15,Janne Andersson,DF,Pontus Jansson
Sweden,12,Janne Andersson,MF,Marcus Rohden
Sweden,59,Janne Andersson,FW,Ola Toivonen
Sweden,45,Janne Andersson,MF,Jimmy Durmaz
Sweden,20,Janne Andersson,FW,Isaac Kiese Thelin
Sweden,8,Janne Andersson,GK,Kristoffer Nordfeldt
Belgium,58,Roberto Martinez,GK,Thibaut Courtois
Belgium,77,Roberto Martinez,DF,Toby Alderweireld
Belgium,66,Roberto Martinez,DF,Thomas Vermaelen
Belgium,77,Roberto Martinez,DF,Vincent Kompany
Belgium,102,Roberto Martinez,DF,Jan Vertonghen
Belgium,90,Roberto Martinez,MF,Axel Witsel
Belgium,62,Roberto Martinez,MF,Kevin De Bruyne
Belgium,82,Roberto Martinez,MF,Marouane Fellaini
Belgium,69,Roberto Martinez,FW,Romelu Lukaku
Belgium,86,Roberto Martinez,FW,Eden Hazard
Belgium,26,Roberto Martinez,MF,Yannick Carrasco
Belgium,21,Roberto Martinez,GK,Simon Mignolet
Belgium,0,Roberto Martinez,GK,Koen Casteels
Belgium,69,Roberto Martinez,FW,Dries Mertens
Belgium,25,Roberto Martinez,DF,Thomas Meunier
Belgium,11,Roberto Martinez,MF,Thorgan Hazard
Belgium,9,Roberto Martinez,MF,Youri Tielemans
Belgium,8,Roberto Martinez,FW,Adnan Januzaj
Belgium,76,Roberto Martinez,MF,Mousa Dembele
Belgium,7,Roberto Martinez,DF,Dedryck Boyata
Belgium,16,Roberto Martinez,FW,Michy Batshuayi
Belgium,45,Roberto Martinez,MF,Nacer Chadli
Belgium,5,Roberto Martinez,DF,Leander Dendoncker
England,3,Gareth Southgate,GK,Jordan Pickford
England,35,Gareth Southgate,DF,Kyle Walker
England,18,Gareth Southgate,DF,Danny Rose
England,26,Gareth Southgate,MF,Eric Dier
England,26,Gareth Southgate,DF,John Stones
England,5,Gareth Southgate,DF,Harry Maguire
England,12,Gareth Southgate,MF,Jesse Lingard
England,39,Gareth Southgate,MF,Jordan Henderson
England,24,Gareth Southgate,FW,Harry Kane
England,38,Gareth Southgate,FW,Raheem Sterling
England,22,Gareth Southgate,FW,Jamie Vardy
England,7,Gareth Southgate,DF,Kieran Trippier
England,8,Gareth Southgate,GK,Jack Butland
England,39,Gareth Southgate,FW,Danny Welbeck
England,60,Gareth Southgate,DF,Gary Cahill
England,25,Gareth Southgate,DF,Phil Jones
England,11,Gareth Southgate,DF,Fabian Delph
England,34,Gareth Southgate,DF,Ashley Young
England,19,Gareth Southgate,FW,Marcus Rashford
England,25,Gareth Southgate,MF,Dele Alli
England,4,Gareth Southgate,MF,Ruben Loftus-Cheek
England,1,Gareth Southgate,DF,Trent Alexander-Arnold
England,1,Gareth Southgate,GK,Nick Pope
Panama,131,Hernan Dario Gomez,GK,Jaime Penedo
Panama,22,Hernan Dario Gomez,DF,Michael Amir Murillo
Panama,52,Hernan Dario Gomez,DF,Harold Cummings
Panama,23,Hernan Dario Gomez,DF,Fidel Escobar
Panama,111,Hernan Dario Gomez,DF,Roman Torres
Panama,144,Hernan Dario Gomez,MF,Gabriel Gomez
Panama,118,Hernan Dario Gomez,FW,Blas Perez
Panama,29,Hernan Dario Gomez,MF,Edgar Barcenas
Panama,72,Hernan Dario Gomez,FW,Gabriel Torres
Panama,11,Hernan Dario Gomez,FW,Ismael Diaz
Panama,98,Hernan Dario Gomez,MF,Armando Cooper
Panama,31,Hernan Dario Gomez,GK,Jose Calderon
Panama,76,Hernan Dario Gomez,DF,Adolfo Machado
Panama,23,Hernan Dario Gomez,MF,Valentin Pimentel
Panama,38,Hernan Dario Gomez,DF,Erick Davis
Panama,33,Hernan Dario Gomez,FW,Abdiel Arroyo
Panama,25,Hernan Dario Gomez,DF,Luis Ovalle
Panama,105,Hernan Dario Gomez,FW,Luis Tejada
Panama,5,Hernan Dario Gomez,MF,Ricardo Avila
Panama,88,Hernan Dario Gomez,MF,Anibal Godoy
Panama,2,Hernan Dario Gomez,MF,Jose Luis Rodriguez
Panama,6,Hernan Dario Gomez,GK,Alex Rodriguez
Panama,102,Hernan Dario Gomez,DF,Felipe Baloy
Tunisia,15,Nabil Maaloul,GK,Farouk Ben Mustapha
Tunisia,42,Nabil Maaloul,DF,Syam Ben Youssef
Tunisia,4,Nabil Maaloul,DF,Yohan Benalouane
Tunisia,16,Nabil Maaloul,DF,Yassine Meriah
Tunisia,9,Nabil Maaloul,DF,Oussama Haddadi
Tunisia,8,Nabil Maaloul,DF,Rami Bedoui
Tunisia,5,Nabil Maaloul,FW,Saif-Eddine Khaoui
Tunisia,39,Nabil Maaloul,FW,Fakhreddine Ben Youssef
Tunisia,7,Nabil Maaloul,MF,Anice Badri
Tunisia,35,Nabil Maaloul,FW,Wahbi Khazri
Tunisia,5,Nabil Maaloul,DF,Dylan Bronn
Tunisia,46,Nabil Maaloul,DF,Ali Maaloul
Tunisia,39,Nabil Maaloul,MF,Ferjani Sassi
Tunisia,26,Nabil Maaloul,MF,Mohamed Amine Ben Amor
Tunisia,3,Nabil Maaloul,FW,Ahmed Khalil
Tunisia,70,Nabil Maaloul,GK,Aymen Mathlouthi
Tunisia,5,Nabil Maaloul,MF,Ellyes Skhiri
Tunisia,5,Nabil Maaloul,FW,Bassem Srarfi
Tunisia,44,Nabil Maaloul,FW,Saber Khalifa
Tunisia,6,Nabil Maaloul,FW,Ghailene Chaalali
Tunisia,15,Nabil Maaloul,DF,Hamdi Nagguez
Tunisia,3,Nabil Maaloul,GK,Mouez Hassen
Tunisia,17,Nabil Maaloul,FW,Naim Sliti
Colombia,86,Jose Pekerman,GK,David Ospina
Colombia,55,Jose Pekerman,DF,Cristian Zapata
Colombia,13,Jose Pekerman,DF,Oscar Murillo
Colombia,41,Jose Pekerman,DF,Santiago Arias
Colombia,10,Jose Pekerman,MF,Wilmar Barrios
Colombia,85,Jose Pekerman,MF,Carlos Sanchez
Colombia,45,Jose Pekerman,FW,Carlos Bacca
Colombia,70,Jose Pekerman,MF,Abel Aguilar
Colombia,73,Jose Pekerman,FW,Radamel Falcao
Colombia,63,Jose Pekerman,MF,James Rodriguez
Colombia,70,Jose Pekerman,MF,Juan Cuadrado
Colombia,5,Jose Pekerman,GK,Camilo Vargas
Colombia,12,Jose Pekerman,DF,Yerry Mina
Colombia,18,Jose Pekerman,FW,Luis Muriel
Colombia,8,Jose Pekerman,MF,Mateus Uribe
Colombia,5,Jose Pekerman,MF,Jefferson Lerma
Colombia,4,Jose Pekerman,DF,Johan Mojica
Colombia,13,Jose Pekerman,DF,Farid Diaz
Colombia,7,Jose Pekerman,FW,Miguel Borja
Colombia,15,Jose Pekerman,MF,Juan Fernando Quintero
Colombia,5,Jose Pekerman,FW,Jose Izquierdo
Colombia,1,Jose Pekerman,GK,Jose Fernando Cuadrado
Colombia,9,Jose Pekerman,DF,Davinson Sanchez
Japan,84,Akira Nishino,GK,Eiji Kawashima
Japan,4,Akira Nishino,DF,Naomichi Ueda
Japan,11,Akira Nishino,DF,Gen Shoji
Japan,95,Akira Nishino,MF,Keisuke Honda
Japan,105,Akira Nishino,DF,Yuto Nagatomo
Japan,12,Akira Nishino,DF,Wataru Endo
Japan,18,Akira Nishino,MF,Gaku Shibasaki
Japan,33,Akira Nishino,MF,Genki Haraguchi
Japan,113,Akira Nishino,FW,Shinji Okazaki
Japan,92,Akira Nishino,MF,Shinji Kagawa
Japan,24,Akira Nishino,MF,Takashi Usami
Japan,5,Akira Nishino,GK,Masaaki Higashiguchi
Japan,24,Akira Nishino,FW,Yoshinori Muto
Japan,27,Akira Nishino,MF,Takashi Inui
Japan,29,Akira Nishino,FW,Yuya Osako
Japan,42,Akira Nishino,MF,Hotaru Yamaguchi
Japan,110,Akira Nishino,MF,Makoto Hasebe
Japan,5,Akira Nishino,MF,Ryota Oshima
Japan,43,Akira Nishino,DF,Hiroki Sakai
Japan,32,Akira Nishino,DF,Tomoaki Makino
Japan,41,Akira Nishino,DF,Gotoku Sakai
Japan,82,Akira Nishino,DF,Maya Yoshida
Japan,4,Akira Nishino,GK,Kosuke Nakamura
Poland,35,Adam Nawalka,GK,Wojciech Szczesny
Poland,33,Adam Nawalka,DF,Michal Pazdan
Poland,36,Adam Nawalka,DF,Artur Jedrzejczyk
Poland,19,Adam Nawalka,DF,Thiago Cionek
Poland,3,Adam Nawalka,DF,Jan Bednarek
Poland,5,Adam Nawalka,MF,Jacek Goralski
Poland,40,Adam Nawalka,FW,Arkadiusz Milik
Poland,20,Adam Nawalka,MF,Karol Linetty
Poland,95,Adam Nawalka,FW,Robert Lewandowski
Poland,51,Adam Nawalka,MF,Grzegorz Krychowiak
Poland,57,Adam Nawalka,MF,Kamil Grosicki
Poland,1,Adam Nawalka,GK,Bartosz Bialkowski
Poland,51,Adam Nawalka,MF,Maciej Rybus
Poland,17,Adam Nawalka,FW,Lukasz Teodorczyk
Poland,57,Adam Nawalka,DF,Kamil Glik
Poland,99,Adam Nawalka,MF,Jakub Blaszczykowski
Poland,43,Adam Nawalka,MF,Slawomir Peszko
Poland,8,Adam Nawalka,DF,Bartosz Bereszynski
Poland,33,Adam Nawalka,MF,Piotr Zielinski
Poland,63,Adam Nawalka,DF,Lukasz Piszczek
Poland,3,Adam Nawalka,MF,Rafal Kurzawa
Poland,45,Adam Nawalka,GK,Lukasz Fabianski
Poland,2,Adam Nawalka,FW,Dawid Kownacki
Senegal,17,Aliou Cisse,GK,Abdoulaye Diallo
Senegal,18,Aliou Cisse,DF,Saliou Ciss
Senegal,26,Aliou Cisse,DF,Kalidou Koulibaly
Senegal,52,Aliou Cisse,DF,Kara Mbodji
Senegal,61,Aliou Cisse,MF,Idrissa Gueye
Senegal,22,Aliou Cisse,MF,Salif Sane
Senegal,51,Aliou Cisse,FW,Moussa Sow
Senegal,48,Aliou Cisse,MF,Cheikhou Kouyate
Senegal,49,Aliou Cisse,FW,Mame Biram Diouf
Senegal,53,Aliou Cisse,FW,Sadio Mane
Senegal,26,Aliou Cisse,MF,Cheikh N'Doye
Senegal,5,Aliou Cisse,DF,Youssouf Sabaly
Senegal,21,Aliou Cisse,MF,Alfred N'Diaye
Senegal,28,Aliou Cisse,FW,Moussa Konate
Senegal,12,Aliou Cisse,FW,Diafra Sakho
Senegal,26,Aliou Cisse,GK,Khadim N'Diaye
Senegal,20,Aliou Cisse,MF,Badou Ndiaye
Senegal,16,Aliou Cisse,FW,Ismaila Sarr
Senegal,7,Aliou Cisse,FW,M'Baye Niang
Senegal,19,Aliou Cisse,FW,Keita Balde
Senegal,36,Aliou Cisse,DF,Lamine Gassama
Senegal,10,Aliou Cisse,DF,Moussa Wague
Senegal,1,Aliou Cisse,GK,Alfred Gomis
